userType,name,contactDetails
0,Heller-Harber,Juliette Hustler ;8 Killdeer Avenue ;Indonesia ;719-783-0775 ;jhustler0@tinyurl.com
0,Morar-Mertz,Cassandra Halsall ;95440 Chive Plaza ;Kyrgyzstan ;596-871-4005 ;chalsall0@imgur.com
0,Moore Inc,Griffin D'Antonio ;0 Meadow Vale Plaza ;Sweden ;990-849-0473 ;gdantonio1@devhub.com
0,Wiza and Sons,Deonne Skaid ;7 Vahlen Crossing ;Philippines ;980-007-7516 ;dskaid3@wordpress.org
1,Walsh-Considine,Sutherland Stelfox ;567 Elka Terrace ;Mexico ;100-484-8711 ;sstelfox4@nyu.edu
1,Hudson and Sons,Marilin Boase ;30 Scofield Junction ;China ;911-810-1380 ;mboase5@mozilla.com
1,Hoeger LLC,Ardine Buy ;0 Ludington Center ;China ;563-496-0344 ;abuy6@nasa.gov
0,Heller; Kovacek and Weber,Valentijn Treslove ;17 Eagan Way ;South Korea ;839-500-1049 ;vtreslove7@weather.com
0,Gutkowski; Klein and Moore,Min Aldus ;34004 Merry Road ;Portugal ;349-871-1301 ;maldus8@businessweek.com
1,Gutmann; Hodkiewicz and Spencer,Abdul Ternault ;3 Haas Park ;Comoros ;884-109-3000 ;aternault9@buzzfeed.com
1,Kozey-Shields,Cecilla Mucklo ;89873 Mayer Pass ;China ;596-550-4991 ;cmuckloa@msu.edu
1,Leannon; Nicolas and Romaguera,Elizabet McFetrich ;01703 Fairview Court ;Indonesia ;836-134-4845 ;emcfetrichb@bandcamp.com
0,Gleason-Kertzmann,Agata Antonognoli ;960 John Wall Junction ;Brazil ;903-430-7080 ;aantonognolic@blogs.com
1,Glover-Barrows,Ashby Palay ;7 Aberg Circle ;Indonesia ;045-481-4417 ;apalayd@com.com
1,Hettinger; Bednar and Waters,Shayla Julien ;07 Harper Drive ;Brazil ;984-931-4700 ;sjuliene@taobao.com
0,Upton Inc,Alyssa Bigg ;009 Oakridge Drive ;Malawi ;907-754-9315 ;abiggf@squidoo.com
0,Dickens; Cassin and Hegmann,Corry Baccas ;347 Stang Point ;Russia ;816-398-9134 ;cbaccasg@instagram.com
0,Renner Inc,Adrien Benfield ;0488 Melrose Hill ;Thailand ;445-487-0000 ;abenfieldh@nationalgeographic.com
1,McCullough and Sons,Harbert Driscoll ;8097 Carey Avenue ;Peru ;054-984-8819 ;hdriscolli@symantec.com
0,Bogan Group,Cori Allcoat ;84 Westridge Avenue ;Sweden ;608-446-9860 ;callcoatj@chronoengine.com
1,Smith-Dare,Berenice Yushin ;7 Kipling Lane ;Peru ;486-709-3807 ;byushink@sohu.com
0,Maggio; Kautzer and Sporer,Cindi Guierre ;910 Spohn Circle ;Japan ;607-757-9489 ;cguierrel@sina.com.cn
0,Hahn-Bernhard,Rafe Bourget ;50456 Ilene Parkway ;Croatia ;749-370-3305 ;rbourgetm@youku.com
1,Aufderhar-Lueilwitz,Gilles Ottey ;33 Reindahl Center ;Portugal ;601-319-5575 ;gotteyn@fema.gov
1,Walsh; Klocko and Lueilwitz,Hardy Apfelmann ;3365 Schurz Place ;Peru ;798-301-0417 ;hapfelmanno@unicef.org
1,Will; Mills and Kunze,Kylie Pordall ;69818 Old Gate Parkway ;Colombia ;979-039-0641 ;kpordallp@usgs.gov
1,Bartell LLC,Nona Godar ;6 Maryland Plaza ;Brazil ;459-491-5150 ;ngodarq@wsj.com
0,Littel; Wiegand and Goldner,Luis Drewe ;43 Gulseth Drive ;Japan ;875-554-0949 ;ldrewer@deviantart.com
0,Larson-Fritsch,Danny Arunowicz ;0 Arkansas Junction ;Honduras ;087-590-8305 ;darunowiczs@npr.org
1,Casper; Simonis and Ankunding,Bobinette Collip ;40054 Truax Court ;China ;613-495-0531 ;bcollipt@cam.ac.uk
1,Wisozk-Larkin,Curt Traill ;1341 David Pass ;Syria ;075-899-7617 ;ctraillu@ocn.ne.jp
0,Goyette and Sons,Aldon Hollerin ;75 Little Fleur Park ;Indonesia ;303-367-9316 ;ahollerinv@newyorker.com
0,Marks-Jones,Marcos Duckitt ;303 Carberry Way ;Indonesia ;161-336-3307 ;mduckittw@umn.edu
0,Bergstrom Group,Matthiew Gebbe ;8530 Barby Trail ;Japan ;605-114-7615 ;mgebbex@buzzfeed.com
0,Marks; Purdy and Kozey,Aurore Linggard ;10935 Westport Court ;Philippines ;136-771-8990 ;alinggardy@wufoo.com
0,Simonis LLC,Tully Bennedick ;4 Moose Hill ;Mali ;063-079-0905 ;tbennedickz@icq.com
1,Crooks-Stiedemann,Lenci Mirrlees ;95 Bartillon Road ;Portugal ;845-785-1497 ;lmirrlees00@msu.edu
1,Kertzmann; Mueller and Gislason,Grove Brydon ;9068 Vernon Point ;Argentina ;560-714-1096 ;gbrydon00@amazon.com
0,Ziemann; Satterfield and Quigley,Rourke Potes ;40 Norway Maple Hill ;Indonesia ;000-993-4050 ;rpotes01@mail.ru
0,Marquardt-Konopelski,Noami Attaway ;80 Chinook Pass ;Comoros ;384-743-4011 ;nattaway03@flickr.com
1,Hartmann Inc,Averil Sampson ;498 Dayton Junction ;Czech Republic ;874-014-5811 ;asampson04@google.pl
1,Brakus-Schowalter,Blayne Francie ;663 Mayer Center ;Argentina ;997-900-1634 ;bfrancie05@pagesperso-orange.fr
1,Prosacco LLC,Heda Butrimovich ;507 Lighthouse Bay Circle ;Indonesia ;396-614-3140 ;hbutrimovich06@china.com.cn
0,Kreiger-Kutch,Gwenneth Goaks ;10 Sugar Circle ;China ;143-430-9099 ;ggoaks07@cisco.com
1,Spinka-Lesch,Karyl Dalgardno ;835 Stuart Pass ;Philippines ;609-187-5780 ;kdalgardno08@statcounter.com
0,Gulgowski LLC,Ruy Debell ;9680 Hintze Court ;China ;741-758-8374 ;rdebell09@cargocollective.com
1,Abernathy; Schaefer and O'Reilly,Waly Abbet ;08 Green Ridge Parkway ;Indonesia ;618-773-7609 ;wabbet0a@hhs.gov
1,Runolfsson-Collins,Saidee Ballantyne ;1 Westport Pass ;Brazil ;440-416-7897 ;sballantyne0b@bandcamp.com
0,O'Keefe LLC,Lynnette Gietz ;3065 Del Mar Way ;Greece ;518-056-7857 ;lgietz0c@dyndns.org
0,Blanda; Kemmer and Cronin,Pauly Reddecliffe ;7 Claremont Road ;Indonesia ;930-730-5080 ;preddecliffe0d@freewebs.com
0,Bahringer-Cruickshank,Aleta Bloxsom ;5533 Dorton Drive ;Indonesia ;398-100-7167 ;abloxsom0e@ed.gov
1,Shields; Little and Larson,Dyann Marsters ;5474 Welch Hill ;Georgia ;337-440-0078 ;dmarsters0f@cafepress.com
1,Luettgen; Schiller and Aufderhar,Darla Corwood ;34 Clarendon Circle ;Philippines ;775-797-7850 ;dcorwood0g@booking.com
0,Kiehn Group,Dannye Menicomb ;898 Jana Crossing ;Russia ;308-984-4860 ;dmenicomb0h@imdb.com
0,Sauer and Sons,Faun Walcot ;7460 Tennessee Center ;Portugal ;037-566-9149 ;fwalcot0i@usda.gov
0,Quitzon-Reichel,Sharona MacMurray ;01 Hanson Terrace ;China ;031-763-7600 ;smacmurray0j@pinterest.com
1,Simonis; Cartwright and Deckow,Jacqueline Cromblehome ;0 Express Plaza ;Portugal ;116-797-4640 ;jcromblehome0k@salon.com
0,Harvey; Effertz and Emard,Lida McMyler ;7073 East Street ;Argentina ;630-198-8084 ;lmcmyler0l@dagondesign.com
0,Fadel LLC,Dalila Ocklin ;3 Acker Plaza ;Dominica ;159-538-9413 ;docklin0m@yelp.com
0,Reynolds Group,Grissel Cordery ;3 School Junction ;China ;138-585-7093 ;gcordery0n@ezinearticles.com
1,Cartwright LLC,Addie Haxell ;7 Crescent Oaks Trail ;Portugal ;311-030-6146 ;ahaxell0o@seattletimes.com
1,Bernhard Inc,Ginelle McCaughey ;00 Comanche Way ;China ;461-978-3440 ;gmccaughey0p@sfgate.com
1,Kulas-Baumbach,Rivy Oxbrow ;4 Farwell Road ;Finland ;857-011-3478 ;roxbrow0q@mysql.com
1,Lakin; Lynch and Ernser,Charmian McCard ;100 Barnett Way ;Bulgaria ;688-456-8404 ;cmccard0r@jalbum.net
1,Gibson and Sons,Nikolos Leeke ;87 Sullivan Hill ;Czech Republic ;790-446-9506 ;nleeke0s@github.io
0,Crooks; Flatley and Klocko,Kimberly Clemens ;067 Old Gate Junction ;South Africa ;685-579-9910 ;kclemens0t@gnu.org
0,Wuckert-Considine,Gael Leman ;1870 Bayside Way ;Ukraine ;038-456-5905 ;gleman0u@barnesandnoble.com
1,Conroy; Boyle and Stoltenberg,Flem Groombridge ;35 Bluestem Road ;France ;670-519-0637 ;fgroombridge0v@meetup.com
0,Haag-Rutherford,Northrop Ludye ;941 Pennsylvania Drive ;Madagascar ;496-094-0765 ;nludye0w@cam.ac.uk
1,Schmeler; Kshlerin and Schumm,Haydon Khilkov ;130 Havey Center ;Brazil ;807-405-1146 ;hkhilkov0x@amazon.co.jp
1,Cole Inc,Domini Gainsboro ;6095 Norway Maple Drive ;Indonesia ;058-084-1409 ;dgainsboro0y@example.com
1,Pfeffer-Brakus,Sibyl Bartlomieczak ;01569 Westend Parkway ;China ;717-665-1755 ;sbartlomieczak0z@msn.com
1,Rolfson; Senger and Littel,Nissa Labitt ;7 Kim Street ;Indonesia ;040-348-7541 ;nlabitt10@studiopress.com
0,Hammes-Mueller,Licha Pavier ;37159 Burning Wood Lane ;France ;146-911-6876 ;lpavier10@so-net.ne.jp
1,Nader-Wuckert,Sky Dulanty ;559 Manufacturers Drive ;China ;719-457-9017 ;sdulanty11@xrea.com
0,Krajcik Group,Ad Loadman ;6 Sachtjen Point ;Mexico ;790-148-1375 ;aloadman13@addthis.com
1,Bednar Inc,Vladimir Ashmole ;859 Fremont Junction ;Brazil ;005-073-0003 ;vashmole14@hostgator.com
0,Stiedemann-Hessel,Trumann Smylie ;0709 Nobel Point ;Afghanistan ;768-088-5493 ;tsmylie15@deliciousdays.com
0,Hansen and Sons,Dierdre Smaridge ;3 Kim Road ;China ;654-301-4057 ;dsmaridge16@cornell.edu
1,Collins and Sons,Yuri Ipwell ;0440 Toban Parkway ;Armenia ;661-008-7516 ;yipwell17@eepurl.com
0,Predovic Group,Shellie Sawbridge ;450 Russell Hill ;Indonesia ;380-100-6545 ;ssawbridge18@unc.edu
0,Schuppe-Heidenreich,Haroun Gotliffe ;50885 Upham Avenue ;Japan ;744-103-9008 ;hgotliffe19@oracle.com
1,Stoltenberg-Collier,Giacobo Oganesian ;879 Troy Junction ;China ;408-930-5184 ;goganesian1a@deviantart.com
1,Hammes; Kohler and Pfannerstill,Adelheid O'Tierney ;9 Bluejay Trail ;Philippines ;466-131-6081 ;aotierney1b@tripod.com
0,Bruen Group,Tate Skokoe ;9360 Huxley Plaza ;Egypt ;600-649-8000 ;tskokoe1c@instagram.com
1,Effertz; Reinger and Lowe,Ernesto Bramo ;7 Carey Alley ;Indonesia ;060-977-6005 ;ebramo1d@jimdo.com
0,Cronin; Schaden and Beier,Granny Orritt ;740 Luster Junction ;Indonesia ;419-440-3914 ;gorritt1e@abc.net.au
0,Gottlieb-Lynch,Ainslee Ram ;8358 Ryan Hill ;Philippines ;769-375-8360 ;aram1f@indiatimes.com
0,McKenzie; Adams and Torp,Mignon Crossby ;1837 Blackbird Place ;Portugal ;690-551-1460 ;mcrossby1g@acquirethisname.com
1,Smith; Satterfield and Emmerich,Betsey Shoebridge ;4 Bayside Junction ;Sweden ;660-909-0999 ;bshoebridge1h@tamu.edu
0,Batz; Langosh and McCullough,Jennifer Bayldon ;543 3rd Avenue ;Russia ;385-580-6787 ;jbayldon1i@aol.com
0,Mraz-Fay,Florenza Chater ;436 Burrows Park ;Greece ;586-451-1501 ;fchater1j@tamu.edu
1,Emmerich-Murazik,Bernelle Salmon ;0 Roth Street ;Argentina ;505-910-4040 ;bsalmon1k@yahoo.co.jp
1,Kautzer Inc,Barney Yeowell ;91 Ryan Place ;Armenia ;110-455-6888 ;byeowell1l@i1i.jp
1,Romaguera; Schoen and Murray,Nathalie Killoran ;4 Nevada Alley ;Czech Republic ;600-600-1760 ;nkilloran1m@china.com.cn
0,Franecki; Franecki and Donnelly,Alma Barff ;4015 Lakewood Gardens Avenue ;Dominican Republic ;660-685-3701 ;abarff1n@moonfruit.com
1,Keeling; Heaney and Purdy,Riley Groarty ;783 Luster Plaza ;Philippines ;674-077-7080 ;rgroarty1o@networksolutions.com
0,Stehr-Marks,Rosene Silliman ;798 Florence Street ;Namibia ;611-553-3464 ;rsilliman1p@fastcompany.com
0,O'Connell-Wunsch,Roi Mushrow ;7 Hintze Park ;Mongolia ;567-409-0306 ;rmushrow1q@springer.com
1,West and Sons,Kizzee Boissier ;646 Towne Court ;Russia ;688-670-7830 ;kboissier1r@t-online.de
